batch_id,position,hypothesis_hash,name,theme,factors_used,compile_status,runtime_status,wf_test_period_sharpe,wf_test_period_return,wf_test_period_max_drawdown,wf_test_period_total_trades,wf_test_period_win_rate,wf_test_period_window_count,elapsed_seconds,error_message
7f2f7d3e-df22-4ef7-9d7a-6f1733fe5c67,1,ea15a34402e5af94,momentum_rsi_oversold_reversal,momentum,return_1h;rsi_14,ok,ok,-0.477586,-0.091255,0.435247,79,0.582278,4,5.520,
7f2f7d3e-df22-4ef7-9d7a-6f1733fe5c67,2,3d37f594a5fe49b2,bb_mean_reversion_spike,mean_reversion,bb_upper_24_2;close;zscore_48,ok,ok,0.000000,0.000000,0.000000,0,0.000000,4,5.412,
7f2f7d3e-df22-4ef7-9d7a-6f1733fe5c67,3,d66014dd96672082,vol_regime_breakout_cross,volatility_regime,close;macd_hist;realized_vol_24h;sma_20,ok,ok,0.000000,0.000000,0.000000,0,0.000000,4,5.412,
7f2f7d3e-df22-4ef7-9d7a-6f1733fe5c67,4,8f051a6f600fe652,volume_divergence_momentum_fade,volume_divergence,macd_hist;return_1h;return_24h;volume_zscore_24h,ok,ok,-0.804705,-0.065980,0.304934,58,0.344828,4,5.412,
7f2f7d3e-df22-4ef7-9d7a-6f1733fe5c67,5,cf680a6547c8565d,monday_weakness_reversal,calendar_effect,day_of_week;return_1h;return_24h;rsi_14,ok,ok,-0.249984,-0.046275,0.227402,26,0.538462,4,5.658,
7f2f7d3e-df22-4ef7-9d7a-6f1733fe5c67,6,1d8b3e60c10dc996,triple_momentum_alignment_breakout,multi_factor_combination,ema_12;ema_26;macd_hist;return_168h;return_1h;return_24h,ok,ok,-0.337399,-0.033784,0.232593,193,0.336788,4,5.490,
7f2f7d3e-df22-4ef7-9d7a-6f1733fe5c67,7,0265582640c6837b,momentum_acceleration_with_volatility_confirmation,momentum,macd_hist;realized_vol_24h;return_1h;return_24h,ok,ok,1.175087,0.036749,0.043639,10,0.600000,4,5.421,
7f2f7d3e-df22-4ef7-9d7a-6f1733fe5c67,8,f91c19522bcf0281,bollinger_mean_reversion_oversold,mean_reversion,bb_upper_24_2;close;realized_vol_24h;rsi_14;zscore_48,ok,ok,0.000000,0.000000,0.000000,0,0.000000,4,5.482,
7f2f7d3e-df22-4ef7-9d7a-6f1733fe5c67,9,32694f3f5f17c8df,volatility_expansion_regime_shift,volatility_regime,atr_14;macd_hist;realized_vol_24h;return_1h;return_24h,ok,ok,0.000000,0.000000,0.000000,0,0.000000,4,6.592,
7f2f7d3e-df22-4ef7-9d7a-6f1733fe5c67,10,a94abacef95d08b2,volume_surge_momentum_divergence,volume_divergence,macd_hist;return_1h;return_24h;rsi_14;volume_zscore_24h,ok,ok,-0.617496,-0.073376,0.345187,85,0.447059,4,6.072,
7f2f7d3e-df22-4ef7-9d7a-6f1733fe5c67,11,f0b51620f632f015,weekend_volatility_contraction_fade,calendar_effect,day_of_week;realized_vol_24h;return_1h;return_24h;rsi_14,ok,ok,0.189201,-0.011296,0.306854,44,0.477273,4,5.955,
7f2f7d3e-df22-4ef7-9d7a-6f1733fe5c67,12,8e82bc4539b89489,multi_timeframe_momentum_alignment,multi_factor_combination,ema_12;macd_hist;return_168h;return_1h;return_24h;rsi_14;sma_20,ok,ok,0.503070,0.020958,0.093701,23,0.391304,4,5.586,
7f2f7d3e-df22-4ef7-9d7a-6f1733fe5c67,13,9c7a795c0970998a,momentum_continuation_oversold_reversal,momentum,close;macd_hist;return_1h;return_24h;rsi_14;sma_50,ok,ok,0.000000,0.000000,0.000000,0,0.000000,4,5.539,
7f2f7d3e-df22-4ef7-9d7a-6f1733fe5c67,14,b4e9ab4d7aa23865,bollinger_mean_reversion_oversold,mean_reversion,bb_upper_24_2;close;rsi_14;volume_zscore_24h;zscore_48,ok,ok,0.791091,0.078650,0.267241,74,0.702703,4,5.543,
7f2f7d3e-df22-4ef7-9d7a-6f1733fe5c67,15,d1493902ce1c0e27,low_volatility_breakout_entry,volatility_regime,close;macd_hist;realized_vol_24h;rsi_14;sma_20,ok,ok,-0.293520,-0.084687,0.552640,36,0.472222,4,5.819,
7f2f7d3e-df22-4ef7-9d7a-6f1733fe5c67,16,cd6f64c42aeb2ed1,volume_divergence_breakout,volume_divergence,close;macd_hist;rsi_14;sma_24;volume_zscore_24h,ok,ok,1.947256,0.135729,0.170884,29,0.758621,4,5.415,
7f2f7d3e-df22-4ef7-9d7a-6f1733fe5c67,17,a332f71c5c60a481,monday_volatility_fade,calendar_effect,day_of_week;hour_of_day;realized_vol_24h;rsi_14;zscore_48,ok,ok,-1.979252,-0.251673,0.548343,473,0.484144,4,5.542,
7f2f7d3e-df22-4ef7-9d7a-6f1733fe5c67,18,a63c0a4c5ff7e6ae,bb_squeeze_momentum_breakout,multi_factor_combination,atr_14;bb_upper_24_2;close;macd_hist;rsi_14;sma_24,ok,ok,0.463759,0.041898,0.201760,125,0.392000,4,5.485,
7f2f7d3e-df22-4ef7-9d7a-6f1733fe5c67,19,03c78becebe6b85a,momentum_continuation_dip_buy,momentum,close;macd_hist;return_168h;return_24h;rsi_14;sma_20;sma_50,ok,ok,-0.643110,0.035775,0.281608,20,0.450000,4,5.466,
7f2f7d3e-df22-4ef7-9d7a-6f1733fe5c67,20,6e0572b6ce14a364,oversold_bounce_ma_support,mean_reversion,close;realized_vol_24h;return_24h;rsi_14;sma_20;sma_50;zscore_48,ok,ok,0.000000,0.000000,0.000000,0,0.000000,4,5.432,
7f2f7d3e-df22-4ef7-9d7a-6f1733fe5c67,21,33199c7d73729287,volatility_expansion_trend_entry,volatility_regime,close;macd_hist;realized_vol_24h;rsi_14;sma_50,ok,ok,0.424395,0.042445,0.154055,3,0.666667,4,5.398,
7f2f7d3e-df22-4ef7-9d7a-6f1733fe5c67,22,ebe07f0340691c46,volume_divergence_reversal_long,volume_divergence,close;return_24h;rsi_14;sma_50;volume_zscore_24h;zscore_48,ok,ok,-0.301116,-0.063243,0.492538,85,0.529412,4,5.477,
7f2f7d3e-df22-4ef7-9d7a-6f1733fe5c67,23,a2cc104c43a39d4b,monday_dip_buying_opportunity,calendar_effect,close;day_of_week;return_1h;return_24h;rsi_14;sma_24;zscore_48,ok,ok,-0.126232,-0.038221,0.313904,33,0.575758,4,5.462,
7f2f7d3e-df22-4ef7-9d7a-6f1733fe5c67,24,d2fe18cb546d1fc1,momentum_mean_reversion_confluence,multi_factor_combination,bb_upper_24_2;close;macd_hist;return_24h;rsi_14;sma_24;zscore_48,ok,ok,1.713005,0.234592,0.337360,103,0.669903,4,5.768,
7f2f7d3e-df22-4ef7-9d7a-6f1733fe5c67,25,9d1aa179abadc3b2,momentum_acceleration_breakout,momentum,close;macd_hist;return_24h;rsi_14;sma_20,ok,ok,-0.632087,-0.057575,0.263392,22,0.272727,4,5.447,
7f2f7d3e-df22-4ef7-9d7a-6f1733fe5c67,26,e28361d3aea17b25,bollinger_zscore_mean_reversion,mean_reversion,bb_upper_24_2;close;realized_vol_24h;return_24h;rsi_14;sma_24;zscore_48,ok,ok,0.951335,0.033552,0.023734,1,1.000000,4,5.422,
7f2f7d3e-df22-4ef7-9d7a-6f1733fe5c67,27,c660e54437c4d951,volatility_regime_shift_breakout,volatility_regime,close;realized_vol_24h;return_24h;rsi_14;sma_50,ok,ok,0.000000,0.000000,0.000000,0,0.000000,4,5.927,
7f2f7d3e-df22-4ef7-9d7a-6f1733fe5c67,28,c3269370da971824,volume_divergence_momentum_fade,volume_divergence,close;return_24h;rsi_14;sma_50;volume_zscore_24h,ok,ok,0.433113,0.016110,0.125383,84,0.500000,4,6.332,
7f2f7d3e-df22-4ef7-9d7a-6f1733fe5c67,29,b3f0d1e3bd11b189,monday_dip_buying_opportunity,calendar_effect,close;day_of_week;return_24h;rsi_14;sma_24,ok,ok,0.121674,-0.010347,0.212404,40,0.550000,4,5.450,
7f2f7d3e-df22-4ef7-9d7a-6f1733fe5c67,30,78350038cbc3086f,macd_histogram_reversal_with_bb_squeeze,multi_factor_combination,bb_upper_24_2;close;macd_hist;return_24h;rsi_14,ok,ok,0.175087,-0.017084,0.537847,86,0.674419,4,5.413,
7f2f7d3e-df22-4ef7-9d7a-6f1733fe5c67,31,843611f5a48a1a49,ema_crossover_momentum_with_volatility_filter,momentum,ema_12;ema_26;realized_vol_24h;return_24h;rsi_14,ok,ok,-0.132904,-0.015580,0.225353,1,0.000000,4,5.397,
7f2f7d3e-df22-4ef7-9d7a-6f1733fe5c67,32,45650784240ca3d0,bollinger_mean_reversion_oversold_bounce,mean_reversion,bb_upper_24_2;close;realized_vol_24h;return_24h;rsi_14;sma_24;zscore_48,ok,ok,0.934197,0.067093,0.094292,4,1.000000,4,5.401,
7f2f7d3e-df22-4ef7-9d7a-6f1733fe5c67,33,2f3001df55dbbd0b,volatility_spike_fade_with_rsi_oversold,volatility_regime,close;realized_vol_24h;return_24h;rsi_14;sma_24;sma_50;zscore_48,ok,ok,0.000000,0.000000,0.000000,0,0.000000,4,5.444,
7f2f7d3e-df22-4ef7-9d7a-6f1733fe5c67,34,69c273643cca3cca,volume_divergence_momentum_reversal,volume_divergence,close;return_24h;rsi_14;sma_20;volume_zscore_24h,ok,ok,-1.233473,-0.117114,0.321546,86,0.348837,4,5.398,
7f2f7d3e-df22-4ef7-9d7a-6f1733fe5c67,35,8d40c97e92c9115e,monday_dip_buy_oversold_calendar,calendar_effect,close;day_of_week;return_24h;rsi_14;sma_20,ok,ok,-0.243845,-0.038858,0.238770,31,0.451613,4,5.399,
7f2f7d3e-df22-4ef7-9d7a-6f1733fe5c67,36,3e0db7686b6adde7,macd_histogram_reversal_with_bb_support,multi_factor_combination,bb_upper_24_2;close;macd_hist;return_24h;rsi_14;sma_20;zscore_48,ok,ok,0.611775,0.035058,0.361304,20,0.700000,4,5.456,
7f2f7d3e-df22-4ef7-9d7a-6f1733fe5c67,37,481f716118075500,momentum_continuation_ema_crossover_rsi_filter,momentum,close;ema_12;ema_26;return_24h;rsi_14;sma_20,ok,ok,0.822029,0.107254,0.305935,75,0.386667,4,5.498,
7f2f7d3e-df22-4ef7-9d7a-6f1733fe5c67,38,b6b95bd71ee1e3b1,zscore_mean_reversion_vol_filter,mean_reversion,realized_vol_24h;return_24h;rsi_14;zscore_48,ok,ok,1.763019,0.206144,0.115941,14,0.857143,4,5.379,
7f2f7d3e-df22-4ef7-9d7a-6f1733fe5c67,39,2b9127399769e632,vol_regime_breakout_atr_expansion,volatility_regime,atr_14;close;realized_vol_24h;return_24h;rsi_14;sma_24,ok,ok,0.000000,0.000000,0.000000,0,0.000000,4,5.413,
7f2f7d3e-df22-4ef7-9d7a-6f1733fe5c67,40,cb74b66c7929acc0,volume_divergence_breakout_momentum,volume_divergence,close;return_24h;rsi_14;sma_20;sma_24;volume_zscore_24h,ok,ok,-1.033159,-0.029310,0.114282,8,0.250000,4,5.430,
7f2f7d3e-df22-4ef7-9d7a-6f1733fe5c67,41,ed6f94dd5d18c339,weekday_momentum_session_timing,calendar_effect,day_of_week;hour_of_day;return_24h;rsi_14,ok,ok,-0.673328,-0.065722,0.438594,131,0.496183,4,5.440,
7f2f7d3e-df22-4ef7-9d7a-6f1733fe5c67,42,f7e3c4579e2ce4f7,macd_reversal_oversold_vol_contraction,multi_factor_combination,macd_hist;realized_vol_24h;return_24h;rsi_14,ok,ok,2.687556,0.219116,0.190747,13,1.000000,4,5.686,
7f2f7d3e-df22-4ef7-9d7a-6f1733fe5c67,43,d06feb0c909a6345,momentum_persistence_vol_regime,momentum,realized_vol_24h;return_168h;return_1h;return_24h;rsi_14,ok,ok,0.548059,0.007515,0.495352,59,0.491525,4,5.440,
7f2f7d3e-df22-4ef7-9d7a-6f1733fe5c67,44,40ebfeb35f75adc1,bollinger_mean_revert_vol_spike,mean_reversion,bb_upper_24_2;close;realized_vol_24h;return_24h;rsi_14;sma_24;zscore_48,ok,ok,1.292271,0.089410,0.094292,4,1.000000,4,5.370,
7f2f7d3e-df22-4ef7-9d7a-6f1733fe5c67,45,f072dea9fead704c,vol_expansion_breakout_continuation,volatility_regime,close;realized_vol_24h;return_24h;rsi_14;sma_20;volume_zscore_24h,ok,ok,-0.492532,-0.016312,0.128903,1,0.000000,4,5.361,
7f2f7d3e-df22-4ef7-9d7a-6f1733fe5c67,46,f0fe200133464fe8,volume_divergence_momentum_fade,volume_divergence,close;ema_12;macd_hist;return_24h;rsi_14;volume_zscore_24h,ok,ok,-0.069280,0.030194,0.382646,136,0.352941,4,5.437,
7f2f7d3e-df22-4ef7-9d7a-6f1733fe5c67,47,cbc3a7765a3277be,monday_oversold_mean_reversion,calendar_effect,close;day_of_week;return_24h;rsi_14;sma_20,ok,ok,-0.155539,-0.023214,0.207202,33,0.454545,4,5.446,
7f2f7d3e-df22-4ef7-9d7a-6f1733fe5c67,48,5a160c626fbac78b,triple_ma_convergence_reversal,multi_factor_combination,bb_upper_24_2;close;ema_12;realized_vol_24h;return_24h;rsi_14;sma_20;sma_50,ok,ok,-0.840677,-0.061348,0.382093,60,0.550000,4,5.450,
7f2f7d3e-df22-4ef7-9d7a-6f1733fe5c67,49,37f60611ceda2c9f,momentum_surge_pullback_entry,momentum,bb_upper_24_2;close;ema_12;macd_hist;realized_vol_24h;return_168h;rsi_14,ok,ok,0.929027,0.060775,0.236190,32,0.718750,4,5.522,
7f2f7d3e-df22-4ef7-9d7a-6f1733fe5c67,50,5ccca02887a68d65,oversold_bounce_compressed_vol,mean_reversion,close;realized_vol_24h;return_1h;return_24h;rsi_14;sma_24,ok,ok,1.263630,0.136147,0.316836,126,0.650794,4,5.469,
7f2f7d3e-df22-4ef7-9d7a-6f1733fe5c67,51,25347f9488768e5c,low_vol_bollinger_squeeze_breakout,volatility_regime,bb_upper_24_2;close;realized_vol_24h;return_24h;rsi_14;sma_24,ok,ok,0.908524,0.166011,0.414613,87,0.379310,4,5.487,
7f2f7d3e-df22-4ef7-9d7a-6f1733fe5c67,52,c4b9794f3a9ea949,volume_surge_momentum_divergence,volume_divergence,close;return_1h;return_24h;rsi_14;sma_20;volume_zscore_24h,ok,ok,-0.183044,-0.027775,0.198681,9,0.555556,4,5.402,
7f2f7d3e-df22-4ef7-9d7a-6f1733fe5c67,53,5ded9a41cd33fca4,monday_morning_volatility_fade,calendar_effect,day_of_week;hour_of_day;realized_vol_24h;return_24h;rsi_14,ok,ok,0.000000,0.000000,0.000000,0,0.000000,4,5.370,
7f2f7d3e-df22-4ef7-9d7a-6f1733fe5c67,54,ef695e0943755013,macd_rsi_divergence_with_volume_confirmation,multi_factor_combination,close;ema_12;ema_26;macd_hist;return_24h;rsi_14;volume_zscore_24h,ok,ok,-0.035147,0.003166,0.124041,9,0.444444,4,5.428,
7f2f7d3e-df22-4ef7-9d7a-6f1733fe5c67,55,bd6f4768e22e5e7c,weekly_momentum_continuation_with_volatility_filter,momentum,close;ema_12;ema_26;realized_vol_24h;return_168h;return_24h;rsi_14,ok,ok,0.111722,0.103273,0.464563,52,0.403846,4,5.443,
7f2f7d3e-df22-4ef7-9d7a-6f1733fe5c67,56,5f9e247cc8df7b09,oversold_bounce_volatility_compression,mean_reversion,close;macd_hist;realized_vol_24h;return_24h;rsi_14;sma_20;sma_50,ok,ok,0.960300,0.045382,0.103866,24,0.541667,4,5.429,
7f2f7d3e-df22-4ef7-9d7a-6f1733fe5c67,57,cbcf5188f7c139c6,volatility_expansion_breakout_momentum,volatility_regime,close;macd_hist;realized_vol_24h;return_24h;rsi_14;sma_20,ok,ok,1.164517,0.042593,0.089271,6,0.833333,4,5.403,
7f2f7d3e-df22-4ef7-9d7a-6f1733fe5c67,58,f17dc51ae9439d01,volume_divergence_oversold_reversal,volume_divergence,close;macd_hist;return_24h;rsi_14;sma_24;volume_zscore_24h,ok,ok,0.911450,0.023221,0.057244,5,0.800000,4,5.451,
7f2f7d3e-df22-4ef7-9d7a-6f1733fe5c67,59,21d9bfaa9292ee43,weekday_momentum_continuation,calendar_effect,close;day_of_week;macd_hist;return_24h;rsi_14;sma_20,ok,ok,-0.199515,-0.029594,0.242602,47,0.489362,4,5.395,
7f2f7d3e-df22-4ef7-9d7a-6f1733fe5c67,60,f42a6ac6c30c3789,early_hour_volatility_compression_reversal,multi_factor_combination,close;hour_of_day;realized_vol_24h;return_24h;rsi_14;sma_24,ok,ok,0.463689,0.010321,0.398563,113,0.628319,4,5.479,
7f2f7d3e-df22-4ef7-9d7a-6f1733fe5c67,61,188c683ec0a7fbbe,momentum_acceleration_macd_ema_cross,momentum,ema_12;ema_26;macd_hist;return_24h;rsi_14,ok,ok,0.355301,0.025796,0.292397,112,0.508929,4,5.440,
7f2f7d3e-df22-4ef7-9d7a-6f1733fe5c67,62,aea8d839a40a6384,oversold_mean_reversion_vol_spike,mean_reversion,close;realized_vol_24h;return_24h;rsi_14;sma_24;sma_50,ok,ok,1.005150,0.022903,0.094195,2,1.000000,4,5.413,
7f2f7d3e-df22-4ef7-9d7a-6f1733fe5c67,63,fa9784c9a3eba718,vol_regime_shift_bb_breakout,volatility_regime,bb_upper_24_2;close;macd_hist;realized_vol_24h;return_24h;rsi_14;sma_24,ok,ok,0.481708,0.004105,0.000738,1,1.000000,4,5.410,
7f2f7d3e-df22-4ef7-9d7a-6f1733fe5c67,64,c99056a8686f6cda,volume_divergence_oversold_reversal,volume_divergence,close;return_24h;rsi_14;sma_20;volume_zscore_24h,ok,ok,0.755115,0.067533,0.395415,100,0.630000,4,5.411,
7f2f7d3e-df22-4ef7-9d7a-6f1733fe5c67,65,c048042f712e8c45,monday_weakness_fade_vol_filter,calendar_effect,close;day_of_week;realized_vol_24h;return_24h;rsi_14;sma_20,ok,ok,-0.781615,-0.094273,0.251423,55,0.472727,4,5.387,
7f2f7d3e-df22-4ef7-9d7a-6f1733fe5c67,66,d9468e37256afbfd,macd_momentum_ema_crossover_vol_calm,multi_factor_combination,close;ema_12;ema_26;macd_hist;realized_vol_24h;return_24h;rsi_14,ok,ok,-0.448750,-0.076143,0.499579,117,0.487179,4,5.441,
7f2f7d3e-df22-4ef7-9d7a-6f1733fe5c67,67,eaf827c69f0ede78,momentum_acceleration_rsi_breakout,momentum,close;ema_26;macd_hist;realized_vol_24h;return_24h;rsi_14,ok,ok,0.966131,0.048421,0.152675,40,0.575000,4,5.421,
7f2f7d3e-df22-4ef7-9d7a-6f1733fe5c67,68,e221da75ed70cafc,bollinger_reversion_oversold_vol_spike,mean_reversion,close;realized_vol_24h;return_24h;rsi_14;sma_24;zscore_48,ok,ok,0.000000,0.000000,0.000000,0,0.000000,4,5.426,
7f2f7d3e-df22-4ef7-9d7a-6f1733fe5c67,69,2e0539b64f914152,vol_regime_shift_mean_reversion,volatility_regime,close;realized_vol_24h;return_24h;rsi_14;sma_50;zscore_48,ok,ok,0.292571,0.007615,0.432420,105,0.676190,4,5.477,
7f2f7d3e-df22-4ef7-9d7a-6f1733fe5c67,70,54feca60e6992d7f,volume_divergence_oversold_recovery,volume_divergence,close;return_24h;rsi_14;sma_20;volume_zscore_24h;zscore_48,ok,ok,0.739362,0.041143,0.326334,95,0.600000,4,5.458,
7f2f7d3e-df22-4ef7-9d7a-6f1733fe5c67,71,108d78131bc13f88,monday_morning_dip_buy,calendar_effect,day_of_week;hour_of_day;return_24h;rsi_14;zscore_48,ok,ok,0.634324,0.022583,0.191397,24,0.541667,4,5.421,
7f2f7d3e-df22-4ef7-9d7a-6f1733fe5c67,72,e38a5caeb9e4ffe7,momentum_vol_breakout_continuation,multi_factor_combination,close;macd_hist;return_24h;rsi_14;sma_20;volume_zscore_24h,ok,ok,0.859854,0.011209,0.082790,17,0.647059,4,5.432,
7f2f7d3e-df22-4ef7-9d7a-6f1733fe5c67,73,60368aa2e0a154dd,momentum_acceleration_vol_confirmation,momentum,macd_hist;return_24h;rsi_14;volume_zscore_24h,ok,ok,-1.229019,-0.078068,0.254118,134,0.582090,4,6.226,
7f2f7d3e-df22-4ef7-9d7a-6f1733fe5c67,74,1c04587a8982cb22,bollinger_reversal_oversold_entry,mean_reversion,bb_upper_24_2;close;return_1h;return_24h;rsi_14;zscore_48,ok,ok,-0.274689,-0.069912,0.365616,135,0.600000,4,6.062,
7f2f7d3e-df22-4ef7-9d7a-6f1733fe5c67,76,aeca8cb1d2f31da3,volume_divergence_price_momentum_fade,volume_divergence,close;return_1h;return_24h;rsi_14;sma_20;volume_zscore_24h,ok,ok,-1.403093,-0.095802,0.240364,178,0.466292,4,5.395,
7f2f7d3e-df22-4ef7-9d7a-6f1733fe5c67,77,5c477145916cad1d,weekday_momentum_continuation_friday,calendar_effect,close;day_of_week;hour_of_day;return_1h;return_24h;rsi_14;sma_20,ok,ok,-0.686842,-0.026612,0.277143,46,0.282609,4,5.427,
7f2f7d3e-df22-4ef7-9d7a-6f1733fe5c67,78,6c819d7c52f52133,multi_factor_trend_strength_confirmation,multi_factor_combination,close;macd_hist;return_1h;return_24h;rsi_14;sma_20;sma_50;volume_zscore_24h,ok,ok,-0.857160,-0.040334,0.190245,36,0.444444,4,5.412,
7f2f7d3e-df22-4ef7-9d7a-6f1733fe5c67,79,5820021f9185f79d,morning_momentum_breakout_rsi_vol,momentum,hour_of_day;return_1h;return_24h;rsi_14,ok,ok,-0.216337,-0.040401,0.271247,86,0.418605,4,5.435,
7f2f7d3e-df22-4ef7-9d7a-6f1733fe5c67,80,c89e2853b49edb79,mean_reversion_bb_oversold_volume,mean_reversion,bb_upper_24_2;close;return_1h;return_24h;rsi_14;volume_zscore_24h,ok,ok,0.000000,0.000000,0.000000,0,0.000000,4,5.404,
7f2f7d3e-df22-4ef7-9d7a-6f1733fe5c67,81,2e3b112119a80e58,vol_regime_shift_breakout,volatility_regime,atr_14;macd_hist;realized_vol_24h;return_1h;return_24h,ok,ok,0.000000,0.000000,0.000000,0,0.000000,4,5.398,
7f2f7d3e-df22-4ef7-9d7a-6f1733fe5c67,82,b7a035f73b8e040a,volume_divergence_momentum_fade,volume_divergence,macd_hist;return_1h;return_24h;rsi_14;volume_zscore_24h,ok,ok,-2.243485,-0.126312,0.293266,343,0.396501,4,5.477,
7f2f7d3e-df22-4ef7-9d7a-6f1733fe5c67,83,abefd23a85ffde1c,weekday_momentum_reversion,calendar_effect,day_of_week;return_1h;return_24h;rsi_14;volume_zscore_24h,ok,ok,-0.454836,-0.049743,0.281385,43,0.488372,4,5.567,
7f2f7d3e-df22-4ef7-9d7a-6f1733fe5c67,84,74d2eaf77a6321c9,zscore_bb_vol_squeeze_breakout,multi_factor_combination,atr_14;bb_upper_24_2;close;realized_vol_24h;return_1h;return_24h;sma_24;zscore_48,ok,ok,0.098599,0.023874,0.084312,10,0.500000,4,5.439,
7f2f7d3e-df22-4ef7-9d7a-6f1733fe5c67,85,8d5cffd6480295c4,macd_crossover_momentum_continuation,momentum,macd_hist;return_1h;return_24h;rsi_14,ok,ok,-1.824628,-0.120622,0.240957,43,0.488372,4,5.448,
7f2f7d3e-df22-4ef7-9d7a-6f1733fe5c67,86,cf6e148a0e5f6116,mean_reversion_vol_spike_recovery,mean_reversion,atr_14;close;realized_vol_24h;return_24h;rsi_14;sma_24;sma_50;zscore_48,ok,ok,0.000000,0.000000,0.000000,0,0.000000,4,5.394,
7f2f7d3e-df22-4ef7-9d7a-6f1733fe5c67,87,034ce988b62d8168,vol_regime_shift_momentum_entry,volatility_regime,atr_14;close;ema_26;realized_vol_24h;return_1h;return_24h;rsi_14,ok,ok,0.000000,0.000000,0.000000,0,0.000000,4,5.443,
7f2f7d3e-df22-4ef7-9d7a-6f1733fe5c67,88,eb218cd2e8026b22,volume_divergence_momentum_breakout,volume_divergence,close;ema_12;return_1h;return_24h;rsi_14;volume_zscore_24h,ok,ok,0.481537,0.028399,0.256487,133,0.548872,4,5.731,
7f2f7d3e-df22-4ef7-9d7a-6f1733fe5c67,89,64bab38dd37d0970,monday_morning_mean_reversion,calendar_effect,close;day_of_week;hour_of_day;return_24h;sma_24;sma_50,ok,ok,0.039215,-0.027684,0.203445,26,0.576923,4,5.422,
7f2f7d3e-df22-4ef7-9d7a-6f1733fe5c67,90,57aa3516dbcd6190,weekend_vol_compression_breakout,multi_factor_combination,atr_14;close;day_of_week;hour_of_day;realized_vol_24h;return_1h;return_24h;rsi_14;sma_20,ok,ok,-0.591839,-0.098177,0.438699,169,0.467456,4,5.533,
7f2f7d3e-df22-4ef7-9d7a-6f1733fe5c67,91,1a1531d149e8e5c5,macd_momentum_acceleration,momentum,close;ema_26;macd_hist;return_168h;return_24h;rsi_14,ok,ok,0.809082,0.026411,0.101839,98,0.469388,4,5.412,
7f2f7d3e-df22-4ef7-9d7a-6f1733fe5c67,92,a6fef5d3f56762f1,bb_mean_reversion_oversold,mean_reversion,bb_upper_24_2;close;return_24h;rsi_14;sma_24;zscore_48,ok,ok,0.608441,0.033473,0.205454,106,0.698113,4,5.422,
7f2f7d3e-df22-4ef7-9d7a-6f1733fe5c67,93,29132c16ade65aa1,volatility_regime_shift_low_to_high,volatility_regime,atr_14;close;ema_12;realized_vol_24h;return_24h;rsi_14,ok,ok,0.000000,0.000000,0.000000,0,0.000000,4,5.377,
7f2f7d3e-df22-4ef7-9d7a-6f1733fe5c67,94,da209623d37381bc,volume_divergence_price_breakout,volume_divergence,close;return_24h;rsi_14;sma_20;volume_zscore_24h,ok,ok,0.233595,0.007756,0.025360,17,0.470588,4,5.387,
7f2f7d3e-df22-4ef7-9d7a-6f1733fe5c67,95,e66e78991040cc43,monday_morning_dip_buy,calendar_effect,close;day_of_week;hour_of_day;return_24h;rsi_14;sma_20,ok,ok,-0.212000,-0.019748,0.150669,24,0.625000,4,5.393,
7f2f7d3e-df22-4ef7-9d7a-6f1733fe5c67,96,6b4181c4e3222342,weekend_vol_compression_monday_breakout,multi_factor_combination,atr_14;close;day_of_week;ema_26;realized_vol_24h;return_24h;sma_20,ok,ok,0.000000,0.000000,0.000000,0,0.000000,4,5.496,
7f2f7d3e-df22-4ef7-9d7a-6f1733fe5c67,97,c15dd0cd6e4bee7e,macd_hist_momentum_reversal_scalp,momentum,close;ema_12;macd_hist;return_1h;return_24h;rsi_14,ok,ok,0.376399,0.033814,0.134049,181,0.392265,4,5.453,
7f2f7d3e-df22-4ef7-9d7a-6f1733fe5c67,98,41b21acc5c0225c1,bb_upper_rejection_mean_revert,mean_reversion,bb_upper_24_2;close;return_1h;return_24h;rsi_14;sma_24;volume_zscore_24h,ok,ok,-1.841717,-0.052500,0.138302,33,0.212121,4,5.463,
7f2f7d3e-df22-4ef7-9d7a-6f1733fe5c67,99,3d31cfebfd85ffb7,vol_regime_shift_sma_crossover,volatility_regime,atr_14;close;realized_vol_24h;return_24h;sma_50;volume_zscore_24h,ok,ok,0.000000,0.000000,0.000000,0,0.000000,4,5.367,
7f2f7d3e-df22-4ef7-9d7a-6f1733fe5c67,100,cb352935c719ed0c,volume_divergence_oversold_reversal,volume_divergence,close;return_24h;rsi_14;sma_50;volume_zscore_24h,ok,ok,0.412660,0.004021,0.009842,2,1.000000,4,5.371,
7f2f7d3e-df22-4ef7-9d7a-6f1733fe5c67,101,129646ec97f4f546,monday_oversold_reversal_entry,calendar_effect,close;day_of_week;return_24h;rsi_14;sma_50,ok,ok,0.366393,0.002987,0.008192,1,1.000000,4,5.399,
7f2f7d3e-df22-4ef7-9d7a-6f1733fe5c67,102,10481be85b463062,macd_hist_vol_compression_breakout,multi_factor_combination,atr_14;close;macd_hist;realized_vol_24h;return_24h;sma_20;volume_zscore_24h,ok,ok,0.657004,0.033503,0.138330,125,0.456000,4,5.412,
7f2f7d3e-df22-4ef7-9d7a-6f1733fe5c67,103,e69248b60f2a8a0c,momentum_continuation_ema_crossover_vol_filter,momentum,close;ema_12;ema_26;macd_hist;return_24h;sma_50;volume_zscore_24h,ok,ok,-0.504467,-0.008405,0.069056,35,0.457143,4,5.415,
7f2f7d3e-df22-4ef7-9d7a-6f1733fe5c67,104,243ae2357031c376,bb_oversold_mean_reversion_vol_filter,mean_reversion,atr_14;bb_upper_24_2;close;realized_vol_24h;return_1h;rsi_14;sma_24;zscore_48,ok,ok,0.000000,0.000000,0.000000,0,0.000000,4,5.451,
7f2f7d3e-df22-4ef7-9d7a-6f1733fe5c67,105,6c11e79185220b12,vol_regime_shift_rsi_reversal,volatility_regime,atr_14;realized_vol_24h;return_1h;return_24h;rsi_14;zscore_48,ok,ok,0.000000,0.000000,0.000000,0,0.000000,4,5.425,
7f2f7d3e-df22-4ef7-9d7a-6f1733fe5c67,106,3c32c0015804b4f4,volume_divergence_momentum_exhaustion,volume_divergence,close;macd_hist;return_1h;return_24h;sma_50;volume_zscore_24h,ok,ok,-0.723460,-0.041140,0.304661,231,0.389610,4,5.503,
7f2f7d3e-df22-4ef7-9d7a-6f1733fe5c67,107,26c2b605ad7646ce,weekend_volatility_breakout_momentum,calendar_effect,atr_14;day_of_week;hour_of_day;macd_hist;realized_vol_24h;return_1h;return_24h,ok,ok,0.000000,0.000000,0.000000,0,0.000000,4,5.436,
7f2f7d3e-df22-4ef7-9d7a-6f1733fe5c67,108,e6357b74d2270e84,bollinger_volume_mean_reversion,multi_factor_combination,bb_upper_24_2;close;return_1h;return_24h;rsi_14;sma_24;volume_zscore_24h,ok,ok,0.000000,0.000000,0.000000,0,0.000000,4,5.373,
7f2f7d3e-df22-4ef7-9d7a-6f1733fe5c67,109,d066f7f5bbe421f9,macd_rsi_momentum_acceleration,momentum,close;ema_26;macd_hist;return_1h;rsi_14,ok,ok,-1.396878,-0.079865,0.179845,148,0.351351,4,5.459,
7f2f7d3e-df22-4ef7-9d7a-6f1733fe5c67,110,b3f3b3e7fffe7589,zscore_rsi_oversold_reversion,mean_reversion,return_1h;return_24h;rsi_14;volume_zscore_24h;zscore_48,ok,ok,0.471425,0.029656,0.184771,108,0.638889,4,5.483,
7f2f7d3e-df22-4ef7-9d7a-6f1733fe5c67,111,fc386b7f7fe9d82b,volatility_regime_shift_entry,volatility_regime,atr_14;close;realized_vol_24h;return_1h;rsi_14;sma_20;volume_zscore_24h,ok,ok,0.000000,0.000000,0.000000,0,0.000000,4,5.389,
7f2f7d3e-df22-4ef7-9d7a-6f1733fe5c67,112,f8769c617296f55e,volume_divergence_momentum_breakdown,volume_divergence,close;return_1h;return_24h;rsi_14;sma_20;volume_zscore_24h,ok,ok,-1.399597,-0.109862,0.350193,289,0.397924,4,5.514,
7f2f7d3e-df22-4ef7-9d7a-6f1733fe5c67,113,dc20ea9813e1d96c,weekend_volatility_compression_monday_entry,calendar_effect,day_of_week;realized_vol_24h;return_24h;rsi_14,ok,ok,-0.960952,-0.096571,0.220911,75,0.560000,4,5.440,
7f2f7d3e-df22-4ef7-9d7a-6f1733fe5c67,114,182c2327eaa7d1fb,triple_ema_macd_volume_confluence,multi_factor_combination,ema_12;ema_26;macd_hist;return_24h;rsi_14;sma_50;volume_zscore_24h,ok,ok,-0.544380,-0.021193,0.162341,15,0.466667,4,5.445,
7f2f7d3e-df22-4ef7-9d7a-6f1733fe5c67,115,e84b6a53677aa231,rsi_oversold_macd_recovery_momentum,momentum,close;macd_hist;return_24h;rsi_14;sma_20;sma_50,ok,ok,-0.456237,-0.003249,0.020504,2,0.500000,4,5.419,
7f2f7d3e-df22-4ef7-9d7a-6f1733fe5c67,116,2fa15dc6ccf657ff,bollinger_reversal_volume_confirmation,mean_reversion,bb_upper_24_2;close;macd_hist;return_24h;rsi_14;sma_24;volume_zscore_24h,ok,ok,-2.417982,-0.035808,0.087744,10,0.000000,4,5.428,
7f2f7d3e-df22-4ef7-9d7a-6f1733fe5c67,117,07a65b5b986fc67f,low_vol_oversold_momentum_reversal,volatility_regime,close;ema_26;macd_hist;realized_vol_24h;return_24h;rsi_14;sma_50,ok,ok,-0.507100,-0.012898,0.054759,5,0.600000,4,5.432,
7f2f7d3e-df22-4ef7-9d7a-6f1733fe5c67,118,5f702f2805abd12d,volume_divergence_rsi_momentum_entry,volume_divergence,close;ema_26;macd_hist;return_24h;rsi_14;sma_20;volume_zscore_24h,ok,ok,-1.336456,-0.114187,0.238300,163,0.288344,4,5.532,
7f2f7d3e-df22-4ef7-9d7a-6f1733fe5c67,119,be652bcdeb40a902,weekend_low_vol_mean_reversion,calendar_effect,close;day_of_week;ema_26;macd_hist;realized_vol_24h;return_24h;rsi_14;sma_50,ok,ok,0.603814,0.020100,0.149202,35,0.657143,4,5.480,
7f2f7d3e-df22-4ef7-9d7a-6f1733fe5c67,120,594ff3fad19f2e2a,multi_factor_vol_regime_momentum,multi_factor_combination,close;ema_12;macd_hist;realized_vol_24h;return_1h;return_24h;rsi_14;volume_zscore_24h,ok,ok,-1.791817,-0.233682,0.444375,490,0.418367,4,5.565,
7f2f7d3e-df22-4ef7-9d7a-6f1733fe5c67,121,4501989ba0040ed0,momentum_cascade_ema_macd_rsi,momentum,close;ema_26;macd_hist;return_1h;return_24h;rsi_14,ok,ok,0.227274,0.010866,0.206034,103,0.553398,4,5.480,
7f2f7d3e-df22-4ef7-9d7a-6f1733fe5c67,122,09629d580038d0f5,bb_oversold_vol_squeeze_reversion,mean_reversion,bb_upper_24_2;close;realized_vol_24h;return_24h;rsi_14;sma_24;zscore_48,ok,ok,0.000000,0.000000,0.000000,0,0.000000,4,5.479,
7f2f7d3e-df22-4ef7-9d7a-6f1733fe5c67,123,7dd39935d904ec63,vol_regime_shift_momentum_fade,volatility_regime,realized_vol_24h;return_168h;return_24h;rsi_14;zscore_48,ok,ok,0.000000,0.000000,0.000000,0,0.000000,4,5.374,
7f2f7d3e-df22-4ef7-9d7a-6f1733fe5c67,124,c4afa14aff6ec8ae,volume_spike_momentum_reversal,volume_divergence,return_1h;return_24h;rsi_14;volume_zscore_24h,ok,ok,-0.822481,-0.019410,0.099080,23,0.478261,4,5.417,
7f2f7d3e-df22-4ef7-9d7a-6f1733fe5c67,125,369afca9c11bf201,midweek_momentum_continuation,calendar_effect,day_of_week;hour_of_day;return_1h;return_24h;rsi_14,ok,ok,-1.358127,-0.095069,0.302634,323,0.470588,4,5.499,
7f2f7d3e-df22-4ef7-9d7a-6f1733fe5c67,126,b5c2698e33424d9c,triple_ma_convergence_volatility_breakout,multi_factor_combination,ema_12;realized_vol_24h;return_1h;return_24h;rsi_14;sma_20;sma_50,ok,ok,0.000000,0.000000,0.000000,0,0.000000,4,5.395,
7f2f7d3e-df22-4ef7-9d7a-6f1733fe5c67,127,9e8e90cc8e56ce92,macd_histogram_momentum_acceleration,momentum,macd_hist;return_1h;return_24h;rsi_14,ok,ok,-0.827568,-0.047540,0.181760,86,0.430233,4,5.549,
7f2f7d3e-df22-4ef7-9d7a-6f1733fe5c67,128,e02d8e5211c86425,bb_mean_reversion_oversold_bounce,mean_reversion,bb_upper_24_2;close;realized_vol_24h;return_1h;return_24h;rsi_14;zscore_48,ok,ok,0.000000,0.000000,0.000000,0,0.000000,4,5.425,
7f2f7d3e-df22-4ef7-9d7a-6f1733fe5c67,129,95d6071018a1df27,vol_regime_shift_breakout,volatility_regime,macd_hist;realized_vol_24h;return_1h;return_24h;rsi_14,ok,ok,0.000000,0.000000,0.000000,0,0.000000,4,5.447,
7f2f7d3e-df22-4ef7-9d7a-6f1733fe5c67,130,d1928d4cf292316a,volume_divergence_breakout_confirmation,volume_divergence,macd_hist;return_1h;return_24h;rsi_14;volume_zscore_24h,ok,ok,-0.214322,0.000593,0.132471,126,0.500000,4,5.560,
7f2f7d3e-df22-4ef7-9d7a-6f1733fe5c67,131,9b1c158450041745,monday_effect_mean_reversion,calendar_effect,day_of_week;macd_hist;return_24h;rsi_14,ok,ok,-0.467940,-0.043429,0.214063,30,0.500000,4,5.531,
7f2f7d3e-df22-4ef7-9d7a-6f1733fe5c67,132,31f9cc51368495ea,triple_momentum_alignment_entry,multi_factor_combination,ema_12;ema_26;macd_hist;return_1h;return_24h;rsi_14,ok,ok,-0.178928,-0.012776,0.220208,68,0.529412,4,5.729,
7f2f7d3e-df22-4ef7-9d7a-6f1733fe5c67,133,f305b5b875bbe58a,momentum_exhaustion_reversal_133,momentum,macd_hist;return_1h;return_24h;rsi_14;volume_zscore_24h,ok,ok,-0.786608,-0.037452,0.191821,56,0.625000,4,5.590,
7f2f7d3e-df22-4ef7-9d7a-6f1733fe5c67,134,ea55188116ea48df,bollinger_compression_breakout_134,mean_reversion,bb_upper_24_2;close;macd_hist;realized_vol_24h;return_1h;return_24h;rsi_14;sma_24;volume_zscore_24h,ok,ok,0.521182,0.032139,0.141872,77,0.428571,4,5.641,
7f2f7d3e-df22-4ef7-9d7a-6f1733fe5c67,135,d5ce939366d658cf,volatility_regime_shift_entry_135,volatility_regime,macd_hist;realized_vol_24h;return_168h;return_1h;return_24h;rsi_14;volume_zscore_24h,ok,ok,-0.190580,-0.011394,0.094610,1,0.000000,4,5.556,
7f2f7d3e-df22-4ef7-9d7a-6f1733fe5c67,136,0fe330a4e2b2f11c,volume_divergence_reversal_136,volume_divergence,close;macd_hist;return_24h;rsi_14;sma_50;volume_zscore_24h,ok,ok,1.110016,0.105172,0.257298,56,0.696429,4,5.599,
7f2f7d3e-df22-4ef7-9d7a-6f1733fe5c67,137,0316002a7b192fb2,weekend_mean_reversion_137,calendar_effect,close;day_of_week;hour_of_day;return_24h;rsi_14;sma_50,ok,ok,0.218116,0.019077,0.205308,35,0.685714,4,5.517,
7f2f7d3e-df22-4ef7-9d7a-6f1733fe5c67,138,38a03883db818c1e,multi_factor_momentum_breakout_138,multi_factor_combination,ema_12;ema_26;macd_hist;return_24h;rsi_14;volume_zscore_24h,ok,ok,-2.123257,-0.054275,0.141490,18,0.444444,4,5.570,
7f2f7d3e-df22-4ef7-9d7a-6f1733fe5c67,139,6f545738cc2ecd50,momentum_acceleration_rsi_thrust_139,momentum,macd_hist;return_1h;return_24h;rsi_14;volume_zscore_24h,ok,ok,-1.547298,-0.091703,0.340292,58,0.500000,4,5.600,
7f2f7d3e-df22-4ef7-9d7a-6f1733fe5c67,140,77816a55094dc24f,bollinger_mean_reversion_oversold_140,mean_reversion,bb_upper_24_2;close;macd_hist;return_24h;rsi_14;sma_24;zscore_48,ok,ok,0.142150,0.002693,0.262036,100,0.650000,4,5.964,
7f2f7d3e-df22-4ef7-9d7a-6f1733fe5c67,141,6989bc62699e3ed7,volatility_regime_shift_breakout_141,volatility_regime,bb_upper_24_2;close;macd_hist;realized_vol_24h;return_24h;rsi_14;sma_20,ok,ok,0.000000,0.000000,0.000000,0,0.000000,4,5.596,
7f2f7d3e-df22-4ef7-9d7a-6f1733fe5c67,142,e372295ab23493bc,volume_divergence_breakout_142,volume_divergence,close;macd_hist;return_24h;rsi_14;sma_20;volume_zscore_24h,ok,ok,0.541292,0.017475,0.196377,26,0.576923,4,5.506,
7f2f7d3e-df22-4ef7-9d7a-6f1733fe5c67,143,5a61dadd07a56fe8,monday_dip_buying_143,calendar_effect,close;day_of_week;macd_hist;return_24h;rsi_14;sma_20,ok,ok,-0.081349,-0.013864,0.153917,44,0.545455,4,5.530,
7f2f7d3e-df22-4ef7-9d7a-6f1733fe5c67,144,37e86c55d87f0d9e,mean_reversion_oversold_vol_spike_144,multi_factor_combination,close;macd_hist;realized_vol_24h;return_24h;rsi_14;sma_20;sma_50,ok,ok,0.667435,0.003641,0.000694,1,1.000000,4,5.510,
7f2f7d3e-df22-4ef7-9d7a-6f1733fe5c67,145,e9a78d2feb7a5052,momentum_continuation_ema_crossover_145,momentum,ema_12;ema_26;macd_hist;realized_vol_24h;return_24h;rsi_14,ok,ok,-0.699755,-0.055069,0.293506,84,0.476190,4,5.461,
7f2f7d3e-df22-4ef7-9d7a-6f1733fe5c67,146,84d619a54ca4bd7c,mean_reversion_bb_squeeze_rsi_146,mean_reversion,bb_upper_24_2;close;macd_hist;realized_vol_24h;return_24h;rsi_14;sma_24;zscore_48,ok,ok,0.213550,-0.011647,0.415833,103,0.601942,4,5.527,
7f2f7d3e-df22-4ef7-9d7a-6f1733fe5c67,147,0e2939fbbde9dd49,volatility_breakout_regime_shift_147,volatility_regime,bb_upper_24_2;close;macd_hist;realized_vol_24h;return_24h;rsi_14;sma_24,ok,ok,0.000000,0.000000,0.000000,0,0.000000,4,5.414,
7f2f7d3e-df22-4ef7-9d7a-6f1733fe5c67,148,48c9c38d11b80516,volume_divergence_momentum_fade_148,volume_divergence,close;ema_12;macd_hist;return_24h;rsi_14;volume_zscore_24h,ok,ok,-0.822009,-0.029183,0.129966,164,0.414634,4,5.918,
7f2f7d3e-df22-4ef7-9d7a-6f1733fe5c67,149,0267d2fa92cb2120,weekend_effect_low_volatility_entry_149,calendar_effect,day_of_week;macd_hist;realized_vol_24h;return_24h;rsi_14;zscore_48,ok,ok,0.399374,0.011300,0.367663,106,0.613208,4,5.485,
7f2f7d3e-df22-4ef7-9d7a-6f1733fe5c67,150,4dd38b8c59f78bbe,triple_ma_alignment_momentum_surge_150,multi_factor_combination,close;ema_12;ema_26;macd_hist;return_168h;rsi_14;sma_20;sma_50;volume_zscore_24h,ok,ok,-0.288804,-0.004945,0.301102,225,0.422222,4,5.517,
7f2f7d3e-df22-4ef7-9d7a-6f1733fe5c67,151,bbe8f76c299b7a69,momentum_acceleration_rsi_surge_151,momentum,close;ema_12;macd_hist;return_168h;rsi_14;sma_20;volume_zscore_24h,ok,ok,-1.440356,-0.093205,0.295262,92,0.380435,4,5.566,
7f2f7d3e-df22-4ef7-9d7a-6f1733fe5c67,152,e9ee4882938c1f1f,bollinger_mean_reversion_oversold_152,mean_reversion,bb_upper_24_2;close;macd_hist;return_24h;rsi_14;sma_24;volume_zscore_24h;zscore_48,ok,ok,0.706960,0.043035,0.271001,109,0.651376,4,5.481,
7f2f7d3e-df22-4ef7-9d7a-6f1733fe5c67,153,7e36e66766c29fda,volatility_regime_breakout_153,volatility_regime,bb_upper_24_2;close;macd_hist;realized_vol_24h;return_24h;rsi_14;sma_24;volume_zscore_24h,ok,ok,0.481708,0.004105,0.000738,1,1.000000,4,5.454,
7f2f7d3e-df22-4ef7-9d7a-6f1733fe5c67,154,8dc3f8d000eb2b7c,volume_divergence_momentum_fade_154,volume_divergence,close;ema_12;macd_hist;return_24h;rsi_14;sma_20;volume_zscore_24h,ok,ok,0.224038,0.011519,0.229119,221,0.497738,4,5.494,
7f2f7d3e-df22-4ef7-9d7a-6f1733fe5c67,155,29f72842c49ee4a7,weekend_volatility_fade_155,calendar_effect,bb_upper_24_2;close;day_of_week;realized_vol_24h;return_24h;rsi_14;sma_24,ok,ok,0.000000,0.000000,0.000000,0,0.000000,4,5.458,
7f2f7d3e-df22-4ef7-9d7a-6f1733fe5c67,156,0d6140752d7a6d5c,triple_momentum_alignment_156,multi_factor_combination,ema_12;ema_26;macd_hist;return_24h;rsi_14;volume_zscore_24h,ok,ok,0.221437,0.003331,0.055290,8,0.375000,4,5.373,
7f2f7d3e-df22-4ef7-9d7a-6f1733fe5c67,157,26d5de477c13514c,momentum_exhaustion_rsi_divergence_157,momentum,close;ema_12;ema_26;macd_hist;return_24h;rsi_14;sma_50,ok,ok,0.329567,0.024732,0.240055,66,0.424242,4,5.437,
7f2f7d3e-df22-4ef7-9d7a-6f1733fe5c67,158,d2b1dd8256c64210,bollinger_compression_breakout_158,mean_reversion,bb_upper_24_2;close;realized_vol_24h;return_24h;rsi_14;sma_24;zscore_48,ok,ok,0.000000,0.000000,0.000000,0,0.000000,4,5.392,
7f2f7d3e-df22-4ef7-9d7a-6f1733fe5c67,159,ceaa50b76d791812,volatility_regime_shift_breakout_159,volatility_regime,close;macd_hist;realized_vol_24h;return_24h;rsi_14;sma_20,ok,ok,0.000000,0.000000,0.000000,0,0.000000,4,5.403,
7f2f7d3e-df22-4ef7-9d7a-6f1733fe5c67,160,cd99fc627a2dcd28,volume_spike_momentum_divergence_160,volume_divergence,macd_hist;return_24h;rsi_14;volume_zscore_24h,ok,ok,-0.572826,-0.077338,0.395744,109,0.577982,4,5.463,
7f2f7d3e-df22-4ef7-9d7a-6f1733fe5c67,161,5663529f077012d9,monday_oversold_reversion_161,calendar_effect,close;day_of_week;return_24h;rsi_14;sma_20,ok,ok,-0.180583,-0.031839,0.217284,28,0.428571,4,5.411,
7f2f7d3e-df22-4ef7-9d7a-6f1733fe5c67,162,7f31373c16fe3f7d,triple_ema_macd_momentum_convergence_162,multi_factor_combination,ema_12;ema_26;macd_hist;return_168h;return_24h;rsi_14,ok,ok,-0.124992,-0.013672,0.202349,83,0.409639,4,5.460,
7f2f7d3e-df22-4ef7-9d7a-6f1733fe5c67,163,6068953829579f19,rsi_momentum_acceleration_cascade_163,momentum,ema_12;ema_26;macd_hist;return_168h;return_24h;rsi_14,ok,ok,-1.255348,-0.072206,0.307508,117,0.384615,4,5.459,
7f2f7d3e-df22-4ef7-9d7a-6f1733fe5c67,164,179cb890b4b1b3bb,bb_oversold_vol_spike_reversion_164,mean_reversion,bb_upper_24_2;close;realized_vol_24h;return_24h;rsi_14;sma_24,ok,ok,0.337715,0.019262,0.094195,1,1.000000,4,5.458,
7f2f7d3e-df22-4ef7-9d7a-6f1733fe5c67,165,ba776019ee3823ce,volatility_regime_shift_momentum_166,volatility_regime,macd_hist;realized_vol_24h;return_168h;return_1h;return_24h;rsi_14,ok,ok,0.000000,0.000000,0.000000,0,0.000000,4,5.475,
7f2f7d3e-df22-4ef7-9d7a-6f1733fe5c67,166,75f2f05f9d093b71,volume_divergence_momentum_breakout_166,volume_divergence,macd_hist;return_168h;return_1h;return_24h;rsi_14;volume_zscore_24h,ok,ok,-0.434601,-0.028521,0.180259,103,0.456311,4,5.498,
7f2f7d3e-df22-4ef7-9d7a-6f1733fe5c67,167,f941c15543b7e9cf,weekday_momentum_continuation_167,calendar_effect,close;day_of_week;macd_hist;return_168h;return_24h;rsi_14;sma_20,ok,ok,0.173451,-0.006784,0.195634,231,0.454545,4,5.495,
7f2f7d3e-df22-4ef7-9d7a-6f1733fe5c67,168,98d451883072a021,multi_factor_confluence_breakout_168,multi_factor_combination,close;macd_hist;return_168h;return_24h;rsi_14;sma_20;volume_zscore_24h,ok,ok,0.363623,0.004465,0.056487,14,0.642857,4,5.426,
7f2f7d3e-df22-4ef7-9d7a-6f1733fe5c67,169,01c85c9bab26927d,macd_momentum_reversal_exhaustion_169,momentum,close;macd_hist;return_168h;return_24h;rsi_14;sma_20,ok,ok,-0.926312,-0.032151,0.092239,40,0.425000,4,5.432,
7f2f7d3e-df22-4ef7-9d7a-6f1733fe5c67,170,2d0ebcff38ef14ff,bollinger_squeeze_mean_reversion_170,mean_reversion,bb_upper_24_2;close;macd_hist;realized_vol_24h;return_168h;return_24h;rsi_14;sma_24,ok,ok,-1.037640,-0.042404,0.219249,74,0.405405,4,5.528,
7f2f7d3e-df22-4ef7-9d7a-6f1733fe5c67,171,176e5c311e6527b1,volatility_regime_expansion_entry_171,volatility_regime,atr_14;close;macd_hist;realized_vol_24h;return_168h;return_24h;rsi_14;sma_50,ok,ok,0.000000,0.000000,0.000000,0,0.000000,4,5.581,
7f2f7d3e-df22-4ef7-9d7a-6f1733fe5c67,172,a6113616bc19816a,volume_divergence_momentum_172,volume_divergence,macd_hist;return_168h;return_24h;rsi_14;volume_zscore_24h,ok,ok,-1.337253,-0.028747,0.071985,18,0.444444,4,5.427,
7f2f7d3e-df22-4ef7-9d7a-6f1733fe5c67,173,660039fd411eeba3,monday_volatility_contraction_173,calendar_effect,atr_14;close;day_of_week;macd_hist;realized_vol_24h;return_168h;return_24h;rsi_14;sma_20,ok,ok,0.000000,0.000000,0.000000,0,0.000000,4,5.477,
7f2f7d3e-df22-4ef7-9d7a-6f1733fe5c67,174,677f929312fa9f84,bollinger_breakout_volume_confirmation_174,multi_factor_combination,bb_upper_24_2;close;macd_hist;return_168h;return_24h;rsi_14;sma_24;volume_zscore_24h,ok,ok,-0.851864,-0.071219,0.358113,109,0.431193,4,5.491,
7f2f7d3e-df22-4ef7-9d7a-6f1733fe5c67,175,7183dbf2c35457c1,momentum_acceleration_rsi_surge_175,momentum,close;ema_12;ema_26;macd_hist;return_168h;return_24h;rsi_14,ok,ok,-1.048762,-0.121003,0.522452,81,0.407407,4,5.472,
7f2f7d3e-df22-4ef7-9d7a-6f1733fe5c67,176,f1d8a8587ba8494c,mean_reversion_oversold_bounce_176,mean_reversion,close;macd_hist;return_168h;rsi_14;sma_20,ok,ok,-0.219419,-0.009376,0.051213,2,0.500000,4,5.454,
7f2f7d3e-df22-4ef7-9d7a-6f1733fe5c67,177,b7523aa20fc34f5b,volatility_compression_breakout_177,volatility_regime,atr_14;close;macd_hist;realized_vol_24h;return_168h;return_24h;rsi_14;sma_50,ok,ok,0.152687,-0.022724,0.424325,72,0.513889,4,5.561,
7f2f7d3e-df22-4ef7-9d7a-6f1733fe5c67,178,88192bc5c256b702,volume_divergence_momentum_178,volume_divergence,close;ema_12;ema_26;macd_hist;return_168h;return_24h;rsi_14;volume_zscore_24h,ok,ok,0.835287,0.016445,0.115121,22,0.545455,4,5.505,
7f2f7d3e-df22-4ef7-9d7a-6f1733fe5c67,179,ed4342afa8c6c17f,weekend_effect_volatility_fade_179,calendar_effect,atr_14;close;day_of_week;hour_of_day;realized_vol_24h;return_24h;rsi_14;sma_20,ok,ok,0.000000,0.000000,0.000000,0,0.000000,4,5.440,
7f2f7d3e-df22-4ef7-9d7a-6f1733fe5c67,180,e0b21a650c93314a,triple_momentum_vol_regime_180,multi_factor_combination,atr_14;macd_hist;realized_vol_24h;return_168h;return_1h;return_24h;rsi_14;zscore_48,ok,ok,-2.257769,-0.186795,0.464406,41,0.414634,4,5.450,
7f2f7d3e-df22-4ef7-9d7a-6f1733fe5c67,181,eb183e39bbbf9d80,rsi_oversold_momentum_reversal_181,momentum,close;ema_12;ema_26;macd_hist;return_1h;return_24h;rsi_14,ok,ok,-0.281980,-0.004016,0.051213,2,0.000000,4,5.485,
7f2f7d3e-df22-4ef7-9d7a-6f1733fe5c67,182,ac9cc00e4fdc1844,bollinger_overextension_mean_revert_182,mean_reversion,close;return_24h;rsi_14;sma_24;zscore_48,ok,ok,0.742586,0.081454,0.204623,78,0.705128,4,5.440,
7f2f7d3e-df22-4ef7-9d7a-6f1733fe5c67,183,42529d3aec349c8d,volatility_expansion_reversal_183,volatility_regime,atr_14;close;macd_hist;realized_vol_24h;return_24h;rsi_14;sma_50,ok,ok,0.000000,0.000000,0.000000,0,0.000000,4,5.459,
7f2f7d3e-df22-4ef7-9d7a-6f1733fe5c67,184,11f7b8b184feefb3,volume_surge_momentum_breakout_184,volume_divergence,close;macd_hist;return_1h;return_24h;rsi_14;sma_20;volume_zscore_24h,ok,ok,0.921867,0.001456,0.211791,17,0.588235,4,5.503,
7f2f7d3e-df22-4ef7-9d7a-6f1733fe5c67,185,6332323c90c6ef74,monday_oversold_reversal_185,calendar_effect,close;day_of_week;macd_hist;return_24h;rsi_14;sma_50,ok,ok,-0.301092,-0.032799,0.191401,28,0.464286,4,5.477,
7f2f7d3e-df22-4ef7-9d7a-6f1733fe5c67,186,b96154014dbc21ef,triple_ma_alignment_momentum_186,multi_factor_combination,bb_upper_24_2;close;ema_12;ema_26;macd_hist;return_168h;return_24h;rsi_14;sma_50,ok,ok,0.222032,0.006378,0.202195,16,0.562500,4,5.480,
7f2f7d3e-df22-4ef7-9d7a-6f1733fe5c67,187,805d09dda6d8a599,macd_momentum_acceleration_187,momentum,ema_12;ema_26;macd_hist;return_168h;return_24h;rsi_14;sma_50,ok,ok,-1.413006,-0.107355,0.322862,84,0.440476,4,5.525,
7f2f7d3e-df22-4ef7-9d7a-6f1733fe5c67,188,abaab255d0baa88c,overnight_volatility_mean_reversion_188,mean_reversion,close;hour_of_day;return_24h;rsi_14;sma_24;volume_zscore_24h;zscore_48,ok,ok,1.210094,0.054498,0.062259,12,0.750000,4,5.443,
7f2f7d3e-df22-4ef7-9d7a-6f1733fe5c67,189,4f4e4a2380fa7022,volatility_compression_breakout_189,volatility_regime,atr_14;macd_hist;realized_vol_24h;return_168h;return_24h;rsi_14;sma_20,ok,ok,-0.525832,-0.085178,0.344513,146,0.486301,4,5.546,
7f2f7d3e-df22-4ef7-9d7a-6f1733fe5c67,190,28ef35b53592dc9a,volume_divergence_momentum_190,volume_divergence,ema_12;ema_26;macd_hist;return_168h;return_24h;rsi_14;volume_zscore_24h,ok,ok,-1.320112,-0.166258,0.468462,329,0.434650,4,5.512,
7f2f7d3e-df22-4ef7-9d7a-6f1733fe5c67,191,dbe35d668d0ea25b,monday_morning_reversal_191,calendar_effect,close;day_of_week;hour_of_day;macd_hist;return_168h;return_24h;rsi_14;sma_20,ok,ok,-1.035265,-0.078094,0.191960,16,0.312500,4,5.506,
7f2f7d3e-df22-4ef7-9d7a-6f1733fe5c67,192,d77659d7cdd081df,multi_factor_bull_confluence_192,multi_factor_combination,close;ema_12;ema_26;macd_hist;return_168h;return_24h;rsi_14;sma_50,ok,ok,-1.257956,-0.216575,0.639631,541,0.412200,4,5.594,
7f2f7d3e-df22-4ef7-9d7a-6f1733fe5c67,193,4fb611d477ecc67d,momentum_acceleration_triple_signal_193,momentum,close;ema_12;ema_26;macd_hist;return_168h;return_24h;rsi_14,ok,ok,-0.969541,-0.080939,0.316481,20,0.450000,4,5.505,
7f2f7d3e-df22-4ef7-9d7a-6f1733fe5c67,194,2b8be23336a593f7,bollinger_reversal_oversold_194,mean_reversion,bb_upper_24_2;close;macd_hist;return_168h;return_24h;rsi_14;sma_24;zscore_48,ok,ok,0.000000,0.000000,0.000000,0,0.000000,4,5.418,
7f2f7d3e-df22-4ef7-9d7a-6f1733fe5c67,195,e5aea56cb13de858,volatility_compression_breakout_195,volatility_regime,atr_14;close;macd_hist;realized_vol_24h;return_168h;return_24h;rsi_14;sma_20,ok,ok,-0.154212,-0.064300,0.562925,54,0.462963,4,5.531,
7f2f7d3e-df22-4ef7-9d7a-6f1733fe5c67,196,205a3c5d707533d8,volume_divergence_momentum_fade_196,volume_divergence,macd_hist;return_168h;return_24h;rsi_14;volume_zscore_24h,ok,ok,-0.204824,0.001867,0.189504,41,0.414634,4,5.460,
7f2f7d3e-df22-4ef7-9d7a-6f1733fe5c67,197,38f1dc55f9800a7b,weekend_volatility_expansion_197,calendar_effect,atr_14;day_of_week;macd_hist;realized_vol_24h;return_1h;return_24h,ok,ok,0.000000,0.000000,0.000000,0,0.000000,4,5.425,
7f2f7d3e-df22-4ef7-9d7a-6f1733fe5c67,198,9b6f440e99898f71,triple_momentum_alignment_198,multi_factor_combination,close;ema_12;macd_hist;return_168h;return_1h;return_24h;rsi_14,ok,ok,-0.829793,-0.123031,0.499496,211,0.469194,4,5.525,
